{"aggl_minilm_n12":{"algorithm":"aggl_minilm_n12","ari_full":0.166049030749445,"ari_sub":0.25017041964446,"ari_super":0.359650598171671,"ch":144.817367553711,"cluster_size_entropy":1.47304819885242,"cluster_size_mean":1570.5,"cluster_size_std":2494.36533343988,"db":3.99384318823041,"nmi_full":0.47164816784545,"nmi_sub":0.504568581292185,"nmi_super":0.473804676268495,"noise_frac":0,"num_clusters":12,"pca":236,"purity_full":0.25076939403587,"purity_sub":0.427358590682373,"purity_super":0.647617531571686,"sil":0.0216426793485879},"aggl_minilm_n20":{"algorithm":"aggl_minilm_n20","ari_full":0.208375083733217,"ari_sub":0.314637551008597,"ari_super":0.402993108912241,"ch":97.5261840820312,"cluster_size_entropy":1.76559229865964,"cluster_size_mean":942.3,"cluster_size_std":1777.42201235385,"db":3.70631765386183,"nmi_full":0.502466809964189,"nmi_sub":0.534581758596829,"nmi_super":0.490001629763697,"noise_frac":0,"num_clusters":20,"pca":236,"purity_full":0.301177968799745,"purity_sub":0.476652870635679,"purity_super":0.697654674732039,"sil":0.0143592087551951},"aggl_minilm_n6":{"algorithm":"aggl_minilm_n6","ari_full":0.165478990986967,"ari_sub":0.246263633910118,"ari_super":0.367235470244583,"ch":299.519683837891,"cluster_size_entropy":1.37721048164583,"cluster_size_mean":3141,"cluster_size_std":2849.77513732809,"db":4.52896911945635,"nmi_full":0.468926634630952,"nmi_sub":0.502547409635504,"nmi_super":0.47953370353924,"noise_frac":0,"num_clusters":6,"pca":236,"purity_full":0.242491775443065,"purity_sub":0.418974848774276,"purity_super":0.646503236761116,"sil":0.0347347483038902},"dbscan_minilm_eps0p6":{"algorithm":"dbscan_minilm_eps0p6","ari_full":0.000010785019382326,"ari_sub":-0.0008264903205253,"ari_super":-0.0003038166443928,"ch":49.2458076477051,"cluster_size_entropy":2.75115640608805,"cluster_size_mean":12.375,"cluster_size_std":2.66634112596269,"db":0.790174489280511,"nmi_full":0.0203987301845385,"nmi_sub":0.0186492929325143,"nmi_super":0.0189027804731938,"noise_frac":0.989493791786055,"num_clusters":16,"pca":236,"purity_full":0.0630903109413138,"purity_sub":0.146662421734055,"purity_super":0.268332802716757,"sil":0.499648422002792},"dbscan_minilm_eps0p7":{"algorithm":"dbscan_minilm_eps0p7","ari_full":0.0007450230018545,"ari_sub":-0.0039888401093012,"ari_super":0.0016710555151802,"ch":45.6709403991699,"cluster_size_entropy":3.42527295883644,"cluster_size_mean":25.2619047619048,"cluster_size_std":24.57162467622,"db":1.271043128201,"nmi_full":0.0980544172357184,"nmi_sub":0.0885143676415178,"nmi_super":0.086574796956718,"noise_frac":0.943701581237398,"num_clusters":42,"pca":236,"purity_full":0.107343733418232,"purity_sub":0.175368778520641,"purity_super":0.30988008065372,"sil":0.293189227581024},"dbscan_minilm_eps0p8":{"algorithm":"dbscan_minilm_eps0p8","ari_full":0.012334266666501,"ari_sub":-0.0002795763498635,"ari_super":0.0233282156206334,"ch":31.586669921875,"cluster_size_entropy":3.86042867066188,"cluster_size_mean":36.2764227642276,"cluster_size_std":80.9787988727802,"db":1.68951807792352,"nmi_full":0.297191114105569,"nmi_sub":0.274827759550359,"nmi_super":0.243047017547095,"noise_frac":0.763238883582723,"num_clusters":123,"pca":236,"purity_full":0.259842937493367,"purity_sub":0.305794333014963,"purity_super":0.447097527326754,"sil":0.135093405842781},"dbscan_minilm_eps0p9":{"algorithm":"dbscan_minilm_eps0p9","ari_full":0.0432688756220476,"ari_sub":0.071006207937814,"ari_super":0.0630306513265243,"ch":18.7922496795654,"cluster_size_entropy":1.14587970961893,"cluster_size_mean":171.606060606061,"cluster_size_std":1053.80502306164,"db":2.07430840089133,"nmi_full":0.234756929223496,"nmi_sub":0.245845978381313,"nmi_super":0.187561437689792,"noise_frac":0.39902366549931,"num_clusters":66,"pca":236,"purity_full":0.18539743181577,"purity_sub":0.289079910856415,"purity_super":0.390799108564152,"sil":-0.0401915535330772},"hdbscan_minilm_mcs10":{"algorithm":"hdbscan_minilm_mcs10","ari_full":0.0064496220102861,"ari_sub":0.0182570220172862,"ari_super":0.0049844641736097,"ch":9.37722969055176,"cluster_size_entropy":0.0150368700654712,"cluster_size_mean":4743.66666666667,"cluster_size_std":6689.46646269757,"db":1.95194853883515,"nmi_full":0.0337214005175253,"nmi_sub":0.0349197123075508,"nmi_super":0.0206029016709055,"noise_frac":0.244879550037143,"num_clusters":3,"pca":236,"purity_full":0.0809190279104319,"purity_sub":0.154993101984506,"purity_super":0.285471718136475,"sil":0.0055218394845724},"hdbscan_minilm_mcs100":{"algorithm":"hdbscan_minilm_mcs100","ari_full":0.0098252194505582,"ari_sub":0.0011070371170651,"ari_super":0.0248909260144746,"ch":199.453826904297,"cluster_size_entropy":0.832317025944899,"cluster_size_mean":866.666666666667,"cluster_size_std":607.102590634858,"db":2.56207349336456,"nmi_full":0.13340724520816,"nmi_sub":0.140677366089995,"nmi_super":0.134135698875937,"noise_frac":0.862039690119919,"num_clusters":3,"pca":236,"purity_full":0.106282500265308,"purity_sub":0.18943011779688,"purity_super":0.35020694046482,"sil":0.109826028347015},"hdbscan_minilm_mcs20":{"algorithm":"hdbscan_minilm_mcs20","ari_full":0.0158782707121719,"ari_sub":0.0284043804182126,"ari_super":0.0166731216552145,"ch":20.8708381652832,"cluster_size_entropy":0.0173403061719682,"cluster_size_mean":5651,"cluster_size_std":5623,"db":1.85688020619691,"nmi_full":0.0511424953871315,"nmi_sub":0.0530201916355159,"nmi_super":0.0278450326076503,"noise_frac":0.400297145282819,"num_clusters":2,"pca":236,"purity_full":0.0890905231879443,"purity_sub":0.154674732038629,"purity_super":0.277777777777778,"sil":0.0343953631818294},"hdbscan_minilm_mcs40":{"algorithm":"hdbscan_minilm_mcs40","ari_full":0.0214083745933324,"ari_sub":0.0225135472930069,"ari_super":0.0294250146556542,"ch":36.7274322509766,"cluster_size_entropy":0.0441763765543785,"cluster_size_mean":3732.5,"cluster_size_std":3676.5,"db":2.03028571893162,"nmi_full":0.0725189896407772,"nmi_sub":0.0746220148844193,"nmi_super":0.0333496376207303,"noise_frac":0.60389472567123,"num_clusters":2,"pca":236,"purity_full":0.0920619760161307,"purity_sub":0.155417595245675,"purity_super":0.285047224875305,"sil":0.0258579663932323},"hdbscan_minilm_mcs60":{"algorithm":"hdbscan_minilm_mcs60","ari_full":0.0143986722803962,"ari_sub":0.0059742233107768,"ari_super":0.0355877368218156,"ch":247.532348632813,"cluster_size_entropy":0.90921502094621,"cluster_size_mean":1133.66666666667,"cluster_size_std":704.465912746829,"db":2.83438398960065,"nmi_full":0.160427482411206,"nmi_sub":0.16878265132668,"nmi_super":0.164360223036797,"noise_frac":0.819537302345325,"num_clusters":3,"pca":236,"purity_full":0.117690756659238,"purity_sub":0.206515971558952,"purity_super":0.369627507163324,"sil":0.0996160209178924},"kmeans_minilm_k12":{"algorithm":"kmeans_minilm_k12","ari_full":0.404353523785157,"ari_sub":0.404941249466037,"ari_super":0.325526004954775,"ch":288.460479736328,"cluster_size_entropy":2.42124778855689,"cluster_size_mean":1570.5,"cluster_size_std":547.945480864657,"db":4.22949240711014,"nmi_full":0.595694552751091,"nmi_sub":0.583334801248109,"nmi_super":0.512032180498926,"noise_frac":0,"num_clusters":12,"pca":236,"purity_full":0.527963493579539,"purity_sub":0.597049771834872,"purity_super":0.763132760267431,"sil":0.0388576760888099},"kmeans_minilm_k20":{"algorithm":"kmeans_minilm_k20","ari_full":0.440213539837556,"ari_sub":0.396792065529743,"ari_super":0.227703101023865,"ch":211.149719238281,"cluster_size_entropy":2.9481070126326,"cluster_size_mean":942.3,"cluster_size_std":281.201724745778,"db":4.16839679803364,"nmi_full":0.597568038357777,"nmi_sub":0.579872422093904,"nmi_super":0.474553778367714,"noise_frac":0,"num_clusters":20,"pca":236,"purity_full":0.620078531253316,"purity_sub":0.684123952032262,"purity_super":0.790671760585801,"sil":0.0383845567703247},"kmeans_minilm_k6":{"algorithm":"kmeans_minilm_k6","ari_full":0.246680329652207,"ari_sub":0.349140022102342,"ari_super":0.346015347430716,"ch":412.953094482422,"cluster_size_entropy":1.74961518906289,